ID,SURFACE,ROUNDNESS,SHORT_AXIS,LONG_AXIS,VOLUME,PIXEL_SCALE
0,133.0,0.5155981311955998,4.672039989858861,9.061398223118179,621.3813186512286,12.574
1,162.0,0.6363186399033327,5.72822269493507,9.002129335399136,927.9720765794813,12.574
2,110.0,0.5524527096592996,4.398139095650981,7.961114170954715,483.79530052160794,12.574
3,158.0,0.46608545654289846,4.841571868991128,10.387734268523587,764.9683553005983,12.574
4,148.0,0.56565407293492,5.1621590414424645,9.125999950214066,763.9995381334847,12.574
5,97.0,0.4682843476676665,3.8024696091555183,8.120001507831876,368.83955208808527,12.574
6,159.0,0.46189796938211486,4.835001935878067,10.467683896393599,768.7653078046125,12.574
7,172.0,0.46121924961603894,5.02508022407418,10.89520922697289,864.3137985407589,12.574
8,183.0,0.43262259240917844,5.0200172122718145,11.603687140600913,918.6631498457422,12.574
9,328.0,0.7337248095658561,8.752428822012037,11.928762266047453,2870.7966536199483,12.574
10,147.0,0.6473927250755522,5.503863296026432,8.501583479153426,809.0679045158856,12.574
11,93.0,0.8749945666158012,5.089430827186348,5.816528492137542,473.31706692833035,12.574
12,142.0,0.6875754424150127,5.574801578185603,8.107912578443598,791.6218241023555,12.574
13,177.0,0.30680226917817505,4.157583502805079,13.551345346766542,735.892279996499,12.574
14,122.0,0.48755752413490905,4.351288816188016,8.9246675536567,530.8572355749379,12.574
15,70.0,0.6014216989431159,3.6606957095247847,6.086737003267026,256.2486996667349,12.574
16,135.0,0.7453422738994957,5.659392629986338,7.5930117318818136,764.0180050481556,12.574
17,142.0,0.3426744234384727,3.935592109789464,11.484931003308743,558.854079590104,12.574
18,163.0,0.5082418380730805,5.135161094438411,10.103774836616308,837.0312583934608,12.574
19,239.0,0.43522724428676524,5.754161552105418,13.221050905338267,1375.244610953195,12.574
20,114.0,0.6333766723070491,4.794115813993424,7.569138592570911,546.5292027952503,12.574
21,231.0,0.553375106132832,6.378827571628629,11.52713141761288,1473.5091690462134,12.574
22,106.0,0.5893378011349341,4.459232796202171,7.566514124182559,472.67867639743014,12.574
23,199.0,0.2688609112421459,4.126819129219838,15.34927152539134,821.2370067147475,12.574
24,76.0,0.7491242492824394,4.257050357233566,5.682702650877006,323.535827149751,12.574
25,106.0,0.7863488891764301,5.150929847506852,6.550438257630906,545.9985638357263,12.574
26,191.0,0.641751391810235,6.246333339224892,9.733260291972883,1193.0496677919543,12.574
27,123.0,0.3410981938119377,3.6544104930511376,10.713661225265747,449.49249064528993,12.574
28,129.0,0.5209423994800653,4.625032318740978,8.878202894133906,596.6291691175861,12.574
29,120.0,0.31042617513302906,3.4434585022920885,11.09268089527708,413.21502027505056,12.574
30,72.0,0.6161724764845383,3.757876121145454,6.098740636039674,270.56708072247267,12.574
31,162.0,0.6780933232989378,5.913264494923786,8.720428725290548,957.9488481776532,12.574
32,111.0,0.7205692445417797,5.045734721342113,7.002428648687008,560.0765540689745,12.574
33,72.0,0.7215165845706119,4.066440957131432,5.6359632530850945,292.7837489134631,12.574
34,104.0,0.4875421349850465,4.017425304305833,8.240160215955596,417.81223164780664,12.574
35,78.0,0.6502397402920619,4.017992476662248,6.179247787681393,313.4034131796554,12.574
36,156.0,0.5285602572153597,5.123121024260253,9.692595979975199,799.2068797845996,12.574
37,89.0,0.6006772441299837,4.125158659238033,6.867512794184306,367.1391206721849,12.574
38,101.0,0.6293404912313028,4.498094631463791,7.147314838527683,454.3075577778428,12.574
39,156.0,0.789361028193362,6.260733293359114,7.931393962643774,976.6743937640218,12.574
40,136.0,0.5765431748329302,4.995862023826433,8.665200182578046,679.4372352403949,12.574
41,144.0,0.5934069547913237,5.215339992234699,8.788808338231755,751.0089588817966,12.574
42,248.0,0.32867706395410434,5.093726277193981,15.497662708540126,1263.2441167441073,12.574
43,91.0,0.9032712468986078,5.115108529562025,5.662870978263515,465.47487619014424,12.574
44,124.0,0.6367179538015967,5.013135626163981,7.873400767533704,621.6288176443336,12.574
45,109.0,0.5915832510698138,4.530501176191587,7.658264780144925,493.82462820488297,12.574
46,107.0,0.6212196440694504,4.599806289321361,7.404476553879093,492.17927295738565,12.574
47,75.0,0.6972288992984708,4.079842382798746,5.85151072610982,305.988178709906,12.574
48,106.0,0.6088932622414609,4.532612378113596,7.444017957150848,480.4569120800412,12.574
49,149.0,0.4001888419817247,4.356630079171359,10.886435657719591,649.1378817965325,12.574
50,101.0,0.6289060213455263,4.496541716870233,7.14978321761018,454.1507134038935,12.574
51,123.0,0.569376798584641,4.721472912793177,8.292352137512157,580.7411682735608,12.574
52,157.0,0.41905372962212173,4.576250032723623,10.920437426604504,718.4712551376088,12.574
53,142.0,0.7984190207384727,6.007374035449236,7.524086825853551,853.0471130337916,12.574
54,96.0,0.6351308971768432,4.405470529336032,6.936319031113663,422.925170816259,12.574
55,94.0,0.5355679094623371,4.003098383582003,7.4744926140193115,376.2912480567083,12.574
56,139.0,0.4790336820244255,4.60378982965906,9.610576463440239,639.9267863226094,12.574
57,90.0,0.6327917727546313,4.25771640022218,6.728463585561084,383.19447601999616,12.574
58,86.0,0.4968597935298455,3.6880025829966105,7.422622299131714,317.1682221377085,12.574
59,31.0,0.8069068940861183,2.821744086578639,3.496988447191882,87.47406668393782,12.574
60,106.0,0.3037249109749028,3.2012397653755875,10.539931529159656,339.33141512981234,12.574
61,151.0,0.7120420893273204,5.850141493860557,8.216005179395077,883.371365572944,12.574
62,72.0,0.6194073739551188,3.767727608355456,6.082794242983067,271.2763878015928,12.574
63,108.0,0.5105967591872153,4.189632871826724,8.205365185818884,452.48035015728624,12.574
64,122.0,0.7427837444205547,5.370765300753009,7.230590789170729,655.2333666918671,12.574
65,69.0,0.5150076211225707,3.36322898286281,6.530445074835831,232.06279981753391,12.574
66,103.0,0.6635668306064144,4.664295003485913,7.029126213592305,480.4223853590491,12.574
67,104.0,0.4300221124661296,3.7730027996627733,8.77397391967826,392.3922911649285,12.574
68,75.0,0.48052653076235397,3.3869936372311438,7.048504963623315,254.02452279233577,12.574
69,124.0,0.6418308372448368,5.033223270760868,7.841977946037615,624.1196855743476,12.574
70,124.0,0.7251729817604234,5.350036114988135,7.377599896235014,663.4044782585287,12.574
71,77.0,0.5019358699805209,3.5074746645798793,6.987894020636537,270.0755491726507,12.574
72,117.0,0.3226849149378588,3.466628683607495,10.743076366848703,405.5955559820769,12.574
73,123.0,0.5998636511129047,4.846228559706986,8.078883510804427,596.0861128439593,12.574
74,119.0,0.5609112245364808,4.609412866833337,8.217722636309176,548.5201311531671,12.574
75,187.0,0.579011952377784,5.870696531034442,10.139162942881752,1097.8202513034407,12.574
76,109.0,0.745553998597801,5.086017668047511,6.82179651321437,554.3759258171788,12.574
77,114.0,0.5338709535912713,4.401448611774255,8.244405473207255,501.765141742265,12.574
78,58.0,0.5807291459450529,3.2743558212668376,5.638352826149781,189.9126376334766,12.574
79,94.0,0.5763169564553879,4.15259607626599,7.205403259009331,390.344031169003,12.574
80,119.0,0.5274524292201521,4.46982162986167,8.474359737939555,531.9087739535387,12.574
81,113.0,0.5105779802755349,4.285439081728784,8.393309635907396,484.2546162353526,12.574
82,106.0,0.6858816533054485,4.810637022881273,7.013800412501948,509.92752442541496,12.574
83,85.0,0.4384480404903682,3.4442414837826902,7.855529425859878,292.76052612152864,12.574
84,87.0,0.7664445244155342,4.6070725663877,6.010966768796352,400.8153132757299,12.574
85,125.0,0.5633347044030362,4.734382293946987,8.404208469570492,591.7977867433734,12.574
86,47.0,0.5818597340222131,2.9504152535604957,5.070664081126914,138.6695169173433,12.574
87,76.0,0.6129763048572144,3.8508242955589393,6.282174800306421,292.66264646247936,12.574
88,83.0,0.5968781417686486,3.971064556246045,6.653057430582269,329.5983581684217,12.574
89,60.0,0.7085069909493245,3.678516926557491,5.191927494785432,220.71101559344945,12.574
90,74.0,0.5460128741795996,3.586264894258296,6.568095852404147,265.38360217511394,12.574
91,121.0,0.8195036524571131,5.618148256787085,6.855549990463402,679.7959390712373,12.574
92,75.0,0.6574155299918543,3.9616460833266345,6.026091417973838,297.12345624949756,12.574
93,82.0,0.716804040619106,4.325459123840498,6.034367663587087,354.68764815492085,12.574
94,95.0,0.5690896779044324,4.148367474947507,7.289479384379458,394.09491012001314,12.574
95,91.0,0.5935884663236736,4.146565087051021,6.985589044093675,377.3374229216429,12.574
96,86.0,0.5452856149296089,3.8635479774719483,7.0853656720262,332.2651260625875,12.574
97,66.0,0.6447243505280008,3.6803071727789374,5.708342130656192,242.90027340340987,12.574
98,93.0,0.7323209564675515,4.656046072387682,6.357930947172052,433.0122847320544,12.574
99,65.0,0.73353908276598,3.895770556196692,5.310924322541591,253.22508615278497,12.574
100,105.0,0.4728099411219539,3.975236879386543,8.407684639526632,417.39987233558696,12.574
101,68.0,0.4906553103278845,3.258875518801542,6.641883722044648,221.6035352785049,12.574
102,62.0,0.801205666730914,3.9764260893909964,4.963052877066688,246.5384175422418,12.574
103,89.0,0.6048072290360387,4.139315728613363,6.844024889072075,368.3990998465893,12.574
104,90.0,0.6312287841506821,4.25245489329449,6.7367886257217595,382.7209403965041,12.574
105,74.0,0.7448565301088093,4.188680532320642,5.623472928013071,309.96235939172755,12.574
106,57.0,0.5628104139014406,3.195534817701901,5.677817500835198,182.14548460900838,12.574
107,95.0,0.5883159374992478,4.217860122742585,7.169379331573823,400.69671166054553,12.574
108,96.0,0.44222891156479405,3.676074008056372,8.312604427080215,352.9031047734117,12.574
109,74.0,0.666953496274204,3.9635897832874067,5.942827806480018,293.3056439632681,12.574
110,60.0,0.6586920552179131,3.5468424813621007,5.384674755472358,212.81054888172605,12.574
111,104.0,0.5037888519641952,4.083814528287995,8.106202652888864,424.71671094195153,12.574
112,61.0,0.5526680660589289,3.2758361163957264,5.927312102100787,199.8260031001393,12.574
113,48.0,0.6486314661858821,3.1480722343188,4.853406592853513,151.10746724730237,12.574
114,88.0,0.6825438933873744,4.372518870596528,6.406209055503081,384.7816606124944,12.574
115,64.0,0.41043273310427014,2.891585547735607,7.045211832558691,185.06147505507886,12.574
116,103.0,0.6930112411710063,4.766656051995649,6.878179990184945,490.9655733555518,12.574
117,85.0,0.45165895083655166,3.4957457408895185,7.739790685903123,297.138387975609,12.574
118,119.0,0.5079162846660792,4.386262440482953,8.635798010230417,521.9652304174714,12.574
119,107.0,0.3199608260950814,3.3011507497724004,10.317359128180932,353.22313022564686,12.574
120,73.0,0.6344913020201581,3.8397180041686454,6.051647976801824,280.29941430431114,12.574
121,84.0,0.6630335438933674,4.210488223352439,6.3503396805963,353.68101076160485,12.574
122,68.0,0.557710989259685,3.4744344378617327,6.229811685213082,236.26154177459782,12.574
123,78.0,0.6219668175384573,3.9296690163752146,6.318132906072978,306.51418327726674,12.574
124,97.0,0.7770839608212557,4.8982946206872375,6.30343034684503,475.13457820666207,12.574
125,100.0,0.592614583830649,4.343214025695583,7.328901691249536,434.32140256955824,12.574
126,95.0,0.5348164249412278,4.021510755731617,7.519422680733021,382.04352179450353,12.574
127,66.0,0.691257527520264,3.810807122378645,5.51286166249659,251.51327007699055,12.574
128,158.0,0.39676633504457953,4.467052072456373,11.258646911045183,705.794227448107,12.574
129,55.0,0.7335014863410929,3.5834958636515966,4.885465033652569,197.09227250083782,12.574
130,105.0,0.5041882779433593,4.105027637370054,8.141854574872157,431.0279019238557,12.574
131,56.0,0.7782848447205447,3.7246748286431237,4.785747601163333,208.58179040401492,12.574
132,80.0,0.4803261471444105,3.497342548034276,7.281182939605402,279.78740384274204,12.574
133,69.0,0.5608138198102165,3.5096108384879363,6.258067676855065,242.16314785566757,12.574
134,49.0,0.8228886549833333,3.582561389756523,4.353640517536464,175.54550809806963,12.574
135,241.0,0.6980152517292251,7.317555769184652,10.4833751856518,1763.5309403735007,12.574
136,50.0,0.7523064488451803,3.460249847245435,4.59952171426558,173.01249236227173,12.574
137,77.0,0.40085226472421925,3.1344590258269185,7.819486882488695,241.35334498867272,12.574
138,52.0,0.8596353880059495,3.772105911930111,4.388030046878438,196.14950742036575,12.574
139,112.0,0.33879360127305447,3.4753750154529395,10.25808929800868,389.24200173072916,12.574
140,70.0,0.7917065440777318,4.200066832271143,5.305080352927801,294.00467825898,12.574
141,98.0,0.597151122976071,4.315987996615088,7.227631047740721,422.96682366827866,12.574
142,95.0,0.5406864375498139,4.043520081287102,7.478493634149217,384.1344077222748,12.574
143,35.0,0.9631288899174125,3.2756786558738678,3.4010802605607173,114.64875295558538,12.574
144,76.0,0.6187524935012666,3.8689252667190006,6.252783313771132,294.038320270644,12.574
145,63.0,0.5194752025597504,3.227585449516718,6.213165582519752,203.33788331955319,12.574
146,37.0,0.5286344480284788,2.495190198449152,4.7200673504249755,92.32203734261864,12.574
147,84.0,0.46372794969207803,3.5212458071661437,7.593343919650091,295.78464780195605,12.574
148,101.0,0.7889355703488944,5.03624117293981,6.3835899434888095,508.66035846692085,12.574
149,133.0,0.6816103918921933,5.371789496362527,7.881026404908678,714.448003016216,12.574
150,75.0,0.6864510325049408,4.04818616815661,5.897268670984879,303.61396261174565,12.574
151,64.0,0.7239045251393588,3.8402163856119595,5.304865838312973,245.77384867916538,12.574
152,56.0,0.49560087037365685,2.972248437110982,5.9972623431231336,166.44591247821504,12.574
153,104.0,0.7168892053014324,4.871556611594722,6.795410749065982,506.64188760585114,12.574
154,74.0,0.5028627329640101,3.4416416530331064,6.844097658116624,254.68148232444986,12.574
155,57.0,0.783715951873005,3.7708723818426546,4.8115294486869065,214.93972576503134,12.574
156,76.0,0.6578117598752355,3.9891712131261854,6.064305104370276,303.1770121975901,12.574
157,81.0,0.6862120025126263,4.2062659471123975,6.129688684707905,340.7075417161042,12.574
158,45.0,0.4989161714971034,2.673284073831717,5.358182850257115,120.29778332242725,12.574
159,57.0,0.7046819928996644,3.5756835657636934,5.0741804129977455,203.8139632485305,12.574
160,133.0,0.33929566970490604,3.7900072663326227,11.170219972535717,504.0709664222388,12.574
161,62.0,0.7628554331983621,3.8800920632371,5.086274403223888,240.5657079207002,12.574
162,75.0,0.6238565001824887,3.85920676663067,6.186048819723423,289.44050749730025,12.574
163,80.0,0.46895809431292956,3.455708293542335,7.368906380868195,276.45666348338676,12.574
164,116.0,0.6457603097795785,4.883033823569304,7.561681555244641,566.4319235340391,12.574
165,124.0,0.5348384800219571,4.594594931776913,8.590621474334247,569.7297715403372,12.574
166,64.0,0.5542766686401559,3.360302303630945,6.0625,215.05934743238052,12.574
167,71.0,0.5000882727233836,3.361844125363702,6.722501423710163,238.69093290082282,12.574
168,121.0,0.35482953072065077,3.696814230136391,10.418564155661581,447.3145218465032,12.574
169,65.0,0.843131293337381,4.176662147135427,4.953750596307335,271.4830395638028,12.574
170,112.0,0.6148887950836833,4.68201029755626,7.6144017178245385,524.3851533263012,12.574
171,72.0,0.6640130132644095,3.9010328479424534,5.87493433112743,280.87436505185667,12.574
172,66.0,0.5193660594337768,3.3031919689236804,6.360045884640374,218.01066994896294,12.574
173,78.0,0.44059535619408713,3.3074426524572176,7.506757858338053,257.980526891663,12.574
174,106.0,0.21257199791812126,2.6781261092593986,12.5986777914698,283.8813675814962,12.574
175,89.0,0.502998287807148,3.7748814774884787,7.504760093608485,335.96445149647457,12.574
176,53.0,0.5053750765211147,2.91991297877877,5.777714640933178,154.75538787527486,12.574
177,77.0,0.4663264092070347,3.380768489621465,7.249789895816316,260.3191737008528,12.574
178,111.0,0.6788408709878243,4.897456013308889,7.214438939397229,543.6176174772866,12.574
179,41.0,0.7138331977246962,3.0522166896864213,4.275812191720969,125.14088427714327,12.574
180,86.0,0.6426639187349876,4.194365265343352,6.52652987520988,360.7154128195283,12.574
181,69.0,0.46061599968439854,3.180673705984975,6.905261016040011,219.46648571296328,12.574
182,59.0,0.4763145072097848,2.990873012697206,6.279197814522844,176.46150774913514,12.574
183,134.0,0.5958899995381397,5.041508587988316,8.460468529251825,675.5621507904344,12.574
184,91.0,0.7622030131119888,4.698736494642828,6.164678456804333,427.58502101249735,12.574
185,82.0,0.7760184528142812,4.5005751101532,5.799572283148129,369.04715903256243,12.574
186,90.0,0.598918316220292,4.142190953620099,6.9161200140964345,372.79718582580887,12.574
187,76.0,0.7192032354397391,4.171167942100107,5.799706865264238,317.00876359960813,12.574
188,46.0,0.6526448946050457,3.091309240035288,4.736586872262325,142.20022504162324,12.574
189,45.0,0.5323762641968285,2.761472118790082,5.1870684410699415,124.26624534555368,12.574
190,80.0,0.7742080317621982,4.44016279406782,5.735102985125887,355.2130235254257,12.574
191,73.0,0.6897110161391694,4.003317868771913,5.8043409124904075,292.24220442034965,12.574
192,48.0,0.7329431579428136,3.3464229488859183,4.5657332531467825,160.62830154652409,12.574
193,85.0,0.807026767891905,4.672814021975442,5.7901598904602,397.18919186791254,12.574
194,57.0,0.6937597122753365,3.547864537723491,5.113967379407914,202.22827865023902,12.574
195,50.0,0.8138586547684029,3.5990224767916037,4.422171412326831,179.95112383958022,12.574
196,72.0,0.735724856168275,4.106284410087138,5.581277261003601,295.6524775262739,12.574
197,70.0,0.7735766734523533,4.151698110613749,5.366886377384367,290.61886774296244,12.574
198,78.0,0.5085157148907189,3.553240097109063,6.987473529451617,277.15272757450697,12.574
199,63.0,0.48431269196733745,3.116436366271863,6.434760884775736,196.33549107512732,12.574
200,57.0,0.7629426357604772,3.7205610413699284,4.8765934252204834,212.0719793580859,12.574
201,92.0,0.7450413714254621,4.670992522038564,6.269440464898901,429.7313120275479,12.574
202,51.0,0.6799813951327709,3.32245162870465,4.886091961465974,169.44503306393713,12.574
203,67.0,0.33918808254489496,2.689569414726857,7.929433706948903,180.2011507866994,12.574
204,27.0,0.6312638276832009,2.329230122342608,3.6897886750316538,62.88921330325041,12.574
205,62.0,0.575685882622999,3.3706503055154204,5.855016437362886,208.98031894195609,12.574
206,60.0,0.6397414738185411,3.4954487756358006,5.463845816923329,209.72692653814804,12.574
207,46.0,0.6631069917298709,3.1159880469924315,4.699072828147449,143.33545016165186,12.574
208,78.0,0.8262928346824232,4.529386260483315,5.481575139428791,353.2921283176986,12.574
209,99.0,0.4641934655738722,3.824654173937009,8.239353755677437,378.6407632197639,12.574
210,76.0,0.5086210181761212,3.5077530527220255,6.8965947677517905,266.58923200687394,12.574
211,88.0,0.7274263827332329,4.5139934426571084,6.205429923638764,397.23142295382564,12.574
212,60.0,0.347946556288402,2.5778459464855903,7.408741083641865,154.67075678913542,12.574
213,49.0,0.5295891816163496,2.874038993141688,5.4269216458876395,140.82791066394273,12.574
214,120.0,0.4837123607123528,4.298424266877922,8.886322980350814,515.8109120253506,12.574
215,66.0,0.6691783716622457,3.749453563807746,5.603070455630637,247.46393521131122,12.574
216,41.0,0.5654184449916192,2.7164516406023917,4.804320878924734,111.37451726469806,12.574
217,52.0,0.7176953349240273,3.4466469299108433,4.802381682299347,179.22564035536388,12.574
218,73.0,0.5849080418202673,3.686636257083807,6.302933099724161,269.12444676711795,12.574
219,74.0,0.6675886473423148,3.965476630889546,5.940000098378239,293.4452706858265,12.574
220,67.0,0.6104823128318732,3.6082698373994933,5.91052314138577,241.75407910576604,12.574
221,72.0,0.6148873222147101,3.753955164303572,6.10511069049614,270.2847718298572,12.574
222,35.0,0.6058839675973561,2.5980877557979882,4.288094577086687,90.93307145292958,12.574
223,38.0,0.7791542166514731,3.069930719223829,3.940080992460384,116.65736733050552,12.574
224,52.0,0.5933648394719434,3.1339180772516104,5.2816039454589125,162.96374001708375,12.574
225,103.0,0.7606989841331228,4.994017894154222,6.565038206072148,514.3838430978849,12.574
226,34.0,0.7310729718090029,2.812839073116583,3.8475489883812224,95.63652848596382,12.574
227,42.0,0.564387767083507,2.7468725212435228,4.866995143140822,115.36864589222797,12.574
228,48.0,0.6706648427830403,3.2010941862337465,4.773016240049576,153.6525209392198,12.574
229,49.0,0.533634093786256,2.8849938258491608,5.406314662879708,141.36469746660887,12.574
230,66.0,0.39280439809890977,2.872666450284391,7.313223742370219,189.5959857187698,12.574
231,57.0,0.788960514367967,3.7834685273334085,4.795510622435053,215.65770605800427,12.574
232,59.0,0.5476966380802867,3.2071635470153796,5.855729840257377,189.2226492739074,12.574
233,49.0,0.5858246351135868,3.022782637472741,5.159876277457411,148.11634923616433,12.574
234,58.0,0.43097496643507033,2.8207531557746406,6.545051048109099,163.60368303492916,12.574
235,55.0,0.7862055717611139,3.7100047619293997,4.71887365745695,204.05026190611696,12.574
236,60.0,0.5013485155001983,3.0943579842088136,6.1720697050864,185.6614790525288,12.574
237,74.0,0.5751560897823227,3.680728506866931,6.399529748976428,272.3739095081529,12.574
238,91.0,0.557683372759995,4.019199909533515,7.206956681606537,365.74719176754985,12.574
239,82.0,0.5753744244822341,3.8753172954921156,6.735296409775987,317.77601823035343,12.574
240,15.0,1.001207703513686,2.1864159376195182,2.1837785805546703,32.79623906429278,12.574
241,40.0,0.8615704257036516,3.3120771980438466,3.8442326932692077,132.48308792175388,12.574
242,79.0,0.7292713195825612,4.2823600254930465,5.872108103667497,338.3064420139507,12.574
243,58.0,0.44782116676708694,2.875354320463963,6.4207646575121435,166.77055058690985,12.574
244,35.0,0.6922763706061915,2.777146817461846,4.011615787246989,97.2001386111646,12.574
245,60.0,0.7207545146467372,3.710174827608447,5.147626205889133,222.6104896565068,12.574
246,65.0,0.6342525121946022,3.622537083723101,5.71150608641441,235.46491044200158,12.574
247,72.0,0.7124821046597135,4.040901759538323,5.671583515024965,290.9449266867592,12.574
248,49.0,0.6189379357017701,3.107038643070758,5.019951862455977,152.24489351046714,12.574
249,27.0,0.9093314208643404,2.795555023447789,3.074297180658895,75.47998563309031,12.574
250,43.0,0.9407778194423128,3.5884163452879108,3.8143079812565115,154.30190284738018,12.574
251,67.0,0.6815636371928359,3.8125510794459863,5.5938299395618944,255.44092232288108,12.574
252,41.0,0.4506436807376809,2.4251222418111804,5.381462884027083,99.43001191425842,12.574
253,35.0,0.4257271850182612,2.1778340187667635,5.1155624902679095,76.22419065683673,12.574
254,62.0,0.44121810509841397,2.950852971362424,6.687968914385855,182.95288422447032,12.574
255,41.0,0.6150504826508457,2.8331682996823404,4.606399603934113,116.15990028697594,12.574
256,54.0,0.6829216001041537,3.426157852067924,5.016912412120797,185.01252401166792,12.574
257,46.0,0.5011729199072186,2.7089299685165322,5.405180249998409,124.61077855176049,12.574
258,73.0,0.6494564101957065,3.884735886618702,5.981519045209022,283.58571972316525,12.574
259,43.0,0.39617821103341067,2.3286519650410056,5.877789086297391,100.13203449676321,12.574
260,76.0,0.3873985638525483,3.061335043790995,7.9022880553480865,232.66146332811562,12.574
261,69.0,0.7690495138659061,4.1098574625839,5.344073936051545,283.58016491828903,12.574
262,77.0,0.7591946548238182,4.313670784953345,5.6819035244056,332.15265044140756,12.574
263,44.0,0.8020975993101814,3.3516990025906988,4.17866729120399,147.47475611399074,12.574
264,21.0,0.4292178008078162,1.6938446374408285,3.9463522581144144,35.5707373862574,12.574
265,106.0,0.3921223963929941,3.6373812212624537,9.27613738649344,385.5624094538201,12.574
266,28.0,0.767524013785937,2.615471942346692,3.4076744119645865,73.23321438570737,12.574
267,49.0,0.611329782226593,3.0878833133174104,5.051092557720128,151.30628235255313,12.574
268,104.0,0.5380528379587824,4.220405657232331,7.843849821967922,438.92218835216244,12.574
269,74.0,0.5425883071571755,3.5750007622227664,6.5887906448879106,264.55005640448474,12.574
270,79.0,0.8279304689599675,4.562843172198277,5.511142956159163,360.46461060366386,12.574
271,42.0,0.5735988434009079,2.7691969354742674,4.827758924783571,116.30627128991922,12.574
272,31.0,0.5676945533585875,2.3668093393149827,4.169159850684659,73.37108951876446,12.574
273,42.0,0.518876630309901,2.6337937595357923,5.075953715554214,110.61933790050327,12.574
274,43.0,0.784496717942233,3.276837137086497,4.176992793139753,140.90399689471937,12.574
275,34.0,0.9039632779312214,3.1278067772528493,3.460103804671179,106.34543042659688,12.574
276,29.0,0.5729765897214633,2.2998128790721757,4.013799028316613,66.69457349309309,12.574
277,39.0,0.57566537007729,2.673267506019707,4.643787250327024,104.25743273476857,12.574
278,118.0,0.528343867260071,4.454760936111827,8.431556060664985,525.6617904611957,12.574
279,36.0,0.353647331756693,2.013082191353416,5.692343785979427,72.47095888872299,12.574
280,54.0,0.8741558463504366,3.876291035225547,4.434324899168606,209.31971590217952,12.574
281,53.0,0.8958735074840565,3.887642716701618,4.339499588083092,206.04506398518575,12.574
282,57.0,0.7548146888104639,3.700689628711302,4.902779031159733,210.9393088365442,12.574
283,62.0,0.538102003492751,3.2587662733305884,6.056038171533196,202.04350894649647,12.574
284,88.0,0.7214817991120613,4.495511257198144,6.230942017845548,395.60499063343667,12.574
285,71.0,0.6013227577004588,3.686447541739647,6.130563818733772,261.737775463515,12.574
286,61.0,0.625559939010415,3.485173839601147,5.571286814041207,212.59560421566997,12.574
287,33.0,0.5666849489639649,2.439792391377588,4.305377080930258,80.5131489154604,12.574
288,32.0,0.6648634848591568,2.602353520601083,3.914117077962794,83.27531265923464,12.574
289,36.0,0.6483482951973906,2.7257153545193415,4.204091187884583,98.1257527626963,12.574
290,30.0,0.6912544781599628,2.5692399708890568,3.7167787725991563,77.0771991266717,12.574
291,40.0,0.608023659625854,2.7823726701688076,4.576092765667925,111.2949068067523,12.574
292,64.0,0.7356604905732692,3.871272717021431,5.262308859355368,247.76145388937158,12.574
293,51.0,0.8259159047054708,3.6616604264777513,4.433454308866389,186.7446817503653,12.574
294,56.0,0.9323399931960487,4.076676351963018,4.372521163645708,228.29387570992895,12.574
295,39.0,0.8543811827392069,3.256740871542636,3.811812499312418,127.01289399016282,12.574
296,67.0,0.8486467183608818,4.254278658271445,5.013014916841214,285.03667010418684,12.574
297,47.0,0.6940354771039364,3.2222915177013305,4.6428340106578885,151.44770133196255,12.574
298,119.0,0.4525624143047415,4.140356962874101,9.14869823919163,492.70247858201805,12.574
299,63.0,0.8114224906778686,4.033841771964084,4.971321128397835,254.13203163373734,12.574
300,53.0,0.6041974797009557,3.1926583974480662,5.284130610786816,169.21089506474752,12.574
301,58.0,0.5401937767512407,3.158012529503803,5.846073511798467,183.16472671122054,12.574
302,37.0,0.747975072595427,2.968038212080166,3.968097762645028,109.81741384696612,12.574
303,60.0,0.7481738839755322,3.7800884422505483,5.052419662344389,226.80530653503288,12.574
304,56.0,0.6900846734405695,3.5072786225452033,5.082388810432336,196.4076028625314,12.574
305,47.0,0.6613280899955817,3.145447765527502,4.75625912933551,147.83604497979263,12.574
306,38.0,0.6203182183711553,2.7392024416832106,4.41580201993078,104.089692783962,12.574
307,76.0,0.5463297933133726,3.6354594274944,6.654331270213401,276.2949164895744,12.574
308,45.0,0.7334746467024645,3.2413346647600414,4.4191502451139195,145.86005991420188,12.574
309,46.0,0.6958565094123758,3.192006937699219,4.587162575219347,146.83231913416407,12.574
310,61.0,0.624932285088039,3.483424980802076,5.574083887042801,212.48892382892663,12.574
311,60.0,0.624931243553009,3.4547514498850975,5.528210479993473,207.28508699310586,12.574
312,71.0,0.8412524251351706,4.360310358501972,5.183117728072364,309.58203545364006,12.574
313,72.0,0.6934039628478892,3.98643302057517,5.749077354854499,287.02317748141223,12.574
314,49.0,0.5199927768007727,2.847880481760517,5.476769310685327,139.54614360626533,12.574
315,37.0,0.536497210423837,2.5136780902799614,4.685351650373234,93.00608934035857,12.574
316,21.0,0.3982528851591574,1.6316018023693561,4.096898888045228,34.263637849756485,12.574
317,140.0,0.31773809656250307,3.7629090913054295,11.842801137210241,526.80727278276,12.574
318,24.0,0.7150334524868901,2.337189167587621,3.2686431095760136,56.09254002210291,12.574
319,38.0,0.7359809571328342,2.9836656244523803,4.053998402453055,113.37929372919044,12.574
320,88.0,0.6743324880546943,4.346137294425884,6.445095515067894,382.4600819094778,12.574
321,45.0,0.4745045457720365,2.607062898767015,5.494284347740498,117.31783044451566,12.574
322,31.0,0.8539189391535904,2.90278074444093,3.399363348607989,89.98620307766883,12.574
323,60.0,0.2631616765188508,2.2418781853702616,8.519014679592495,134.51269112221573,12.574
324,48.0,0.82262348825364,3.5452448530489673,4.309681043237924,170.1717529463504,12.574
325,53.0,0.7933474114038428,3.658429606278163,4.611384059102814,193.89676913274263,12.574
326,38.0,0.46342000728779803,2.367577760381415,5.1089243518808125,89.96795489449379,12.574
327,46.0,0.9353361835950202,3.7007338043435056,3.956581461565525,170.23375499980125,12.574
328,26.0,0.7375892629619362,2.4706943989370274,3.349688672277391,64.23805437236271,12.574
329,96.0,0.5975024143701982,4.272976579531056,7.151396340439926,410.2057516349814,12.574
330,23.0,1.0333181390604096,2.750464273977614,2.6617787591327833,63.260678301485115,12.574
331,87.0,0.5763386161849261,3.9950622399331666,6.931796911993307,347.57041487418553,12.574
332,31.0,0.789901692569854,2.7918522621383652,3.53443002895132,86.54742012628931,12.574
333,39.0,0.7579409175713073,3.0674327052178776,4.047060442451034,119.6298755034972,12.574
334,55.0,0.6649607909624191,3.4119638996970947,5.131075314619453,187.6580144833402,12.574
335,50.0,0.7042503411266671,3.3479086451763074,4.753861588224846,167.39543225881536,12.574
336,43.0,0.37530940978785404,2.2664911001525976,6.0389935371824155,97.4591173065617,12.574
337,29.0,0.887838496584633,2.8628002642737456,3.2244606144996664,83.0212076639386,12.574
338,50.0,0.7526479858691302,3.4610352115982734,4.598478009080962,173.0517605799137,12.574
339,22.0,0.8780734891412604,2.479715385396132,2.824040830365176,54.5537384787149,12.574
340,52.0,0.592547846325875,3.131759816966629,5.285243776321653,162.8515104822647,12.574
341,30.0,0.4803200652189182,2.1416626155276517,4.458823960542923,64.24987846582955,12.574
342,68.0,0.1504501534501222,1.804578743926369,11.994529101790715,122.7113545869931,12.574
343,41.0,0.5652727561369105,2.7161016500525608,4.804939952554009,111.36016765215497,12.574
344,41.0,0.8312141729123101,3.2936197776514695,3.9624201378949944,135.03841088371024,12.574
345,36.0,0.5367984547744683,2.4801728128387035,4.620305425209781,89.28622126219334,12.574
346,40.0,0.783532027529331,3.1585185799942104,4.031128874149275,126.34074319976841,12.574
347,80.0,0.6014601949554162,3.9135735710507764,6.506787321712742,313.0858856840621,12.574
348,18.0,0.9167324722093171,2.291831180523293,2.5,41.252961249419265,12.574
349,80.0,0.6535036518734066,4.079379100289804,6.2423202817542025,326.3503280231844,12.574
350,27.0,0.5619601300345924,2.197655922987209,3.9106972283815375,59.33670992065464,12.574
351,80.0,0.5792533284738205,3.8406464149471895,6.630339829149153,307.2517131957752,12.574
352,15.0,1.0563381178665703,2.2458056440942555,2.1260291625469216,33.68708466141383,12.574
353,43.0,0.5259104800468773,2.6829662161501626,5.101564463805732,115.367547294457,12.574
354,30.0,0.5660146817018975,2.3248746347548646,4.10744581353334,69.74623904264594,12.574
355,37.0,0.6482530823764922,2.763110294608858,4.262394379181833,102.23508090052775,12.574
356,42.0,0.3719707073751573,2.229995974926457,5.995084910482902,93.6598309469112,12.574
357,26.0,0.9670898115067413,2.8290794339476535,2.9253533645855523,73.556065282639,12.574
358,46.0,0.7745752770395462,3.3677185958243094,4.347826086956775,154.91505540791823,12.574
359,49.0,0.4695602648130845,2.706255355284326,5.763382377257989,132.60651240893196,12.574
360,23.0,0.6891239119569489,2.246144238818054,3.259419967650717,51.661317492815236,12.574
361,34.0,0.511795940542765,2.3534931607801166,4.598499078136908,80.01876746652398,12.574
362,36.0,0.7063863227639936,2.84509947102532,4.027681991198291,102.42358095691151,12.574
363,38.0,0.49809787471272043,2.454563129502147,4.9278731231644475,93.27339892108158,12.574
364,57.0,0.5934937100632683,3.2814859701298396,5.529099827831406,187.04470029740085,12.574
365,68.0,0.6564059768525138,3.769344081029919,5.7423975618016705,256.3153975100345,12.574
366,20.0,0.7721282866799589,2.2170975037304204,2.871410803072145,44.341950074608405,12.574
367,65.0,0.543468694004433,3.3532737404878366,6.170132295532896,217.9627931317094,12.574
368,47.0,0.6295315321788554,3.068899996216407,4.8748948056576555,144.23829982217114,12.574
369,33.0,0.664098831917992,2.6411823827380694,3.9770923480019347,87.15901863035629,12.574
370,23.0,0.8697229699524767,2.523361379246149,2.9013392383830343,58.037311722661414,12.574
371,25.0,0.4780461333738795,1.9504282241654063,4.079999999999954,48.76070560413516,12.574
372,21.0,0.8408065761403323,2.370733632576644,2.8195945415405075,49.78540628410952,12.574
373,42.0,0.5036292411819311,2.5948076981651016,5.152218112029267,108.98192332293426,12.574
374,50.0,0.677220495514716,3.2830319740189826,4.8478036263857325,164.1515987009491,12.574
375,62.0,0.6639665186459276,3.61987853839905,5.451899209889855,224.4324693807411,12.574
376,35.0,0.4211942586917219,2.166208757043047,5.14301587056657,75.81730649650666,12.574
377,36.0,0.6975606411362685,2.8272700858442223,4.053081437104642,101.781723090392,12.574
378,21.0,0.8527242857820051,2.387476068450092,2.79982182782635,50.13699743745194,12.574
379,25.0,0.7039762167900973,2.3668681281524298,3.362142174269152,59.17170320381074,12.574
380,38.0,0.43036343660652804,2.281573927776126,5.301505039012224,86.69980925549277,12.574
381,27.0,0.7933764074655655,2.6112387782342426,3.2912987500798314,70.50344701232456,12.574
382,94.0,0.5144560865097998,3.9234050369912508,7.626316686441836,368.8000734771776,12.574
383,17.0,0.49725166003848914,1.6403542386620005,3.298841151249311,27.886022057254003,12.574
384,49.0,0.7201561469901644,3.3514785152178477,4.653821992945677,164.22244724567452,12.574
385,67.0,0.6087703645423628,3.603207030565891,5.918827920072237,241.4148710479147,12.574
386,25.0,0.7760324499332668,2.4850492993761026,3.202249209539884,62.126232484402564,12.574
387,45.0,0.6423933820233251,3.033415137146237,4.722052284523839,136.50368117158067,12.574
388,30.0,0.8037376720249287,2.7704023908299673,3.446898767168948,83.11207172489901,12.574
389,26.0,0.7119641842156268,2.4273970008138144,3.40943695572002,63.11232202115917,12.574
390,66.0,0.741757264865868,3.9475526920688453,5.3218928604395686,260.5384776765438,12.574
391,33.0,0.5381334327415361,2.377535557465436,4.418115308972745,78.45867339635939,12.574
392,26.0,0.7580778535997535,2.504774552278615,3.3041125530638102,65.124138359244,12.574
393,47.0,0.7347730465184074,3.3155119764502428,4.512293955474023,155.82906289316142,12.574
394,38.0,0.5691387818005581,2.6237711471455056,4.610072676553163,99.70330359152922,12.574
395,39.0,0.5512941354317101,2.61606815022455,4.745321929056884,102.02665785875745,12.574
396,46.0,0.7393631089747038,3.2902800800306737,4.450154518249361,151.35288368141102,12.574
397,30.0,0.4719068156689132,2.1228231540916935,4.498394775423317,63.68469462275081,12.574
398,76.0,0.7460205796948137,4.248222588544538,5.694511256354917,322.8649167293849,12.574
399,53.0,0.5148630073812142,2.9471948052049766,5.724231034184242,156.20132467586376,12.574
400,28.0,0.7167441400663401,2.527470846147911,3.5263223022848496,70.7691836921415,12.574
401,36.0,0.6714774178139588,2.7739077879079703,4.131051490813524,99.86068036468696,12.574
402,48.0,0.5774313846341659,2.9702696307656646,5.143935209977359,142.57294227675192,12.574
403,26.0,0.5574546193270623,2.1479120622586634,3.853070703497874,55.84571361872524,12.574
404,28.0,0.22386629357980883,1.4125324506126324,6.309714732061981,39.55090861715371,12.574
405,13.0,0.8719785784858809,1.8995452684637648,2.1784311166934502,24.694088490028943,12.574
406,45.0,0.5248907616311204,2.741989485158109,5.223924072577044,123.38952683211491,12.574
407,16.0,0.9201110048050861,2.1647371358794034,2.352691278089839,34.635794174070455,12.574
408,21.0,0.5956491929577357,1.995400101015512,3.3499585403737733,41.90340212132575,12.574
409,28.0,0.7541865754459521,2.5926475278686127,3.4376739288094256,72.59413078032115,12.574
410,19.0,0.5272367808100756,1.7856844385668216,3.3868737985676898,33.92800433276961,12.574
411,17.0,0.9386893582359946,2.2537745555610913,2.4009801919949676,38.31416744453855,12.574
412,38.0,0.8250496020158878,3.159052849624242,3.828924760287817,120.04400828572119,12.574
413,44.0,0.6953788973579748,3.120772823772275,4.487873928342306,137.3140042459801,12.574
414,16.0,0.5799810025839888,1.7186677953404272,2.9633173977824243,27.498684725446832,12.574
415,26.0,0.7811525495065671,2.54260949759611,3.254946167944031,66.10784693749886,12.574
416,20.0,0.8096912844103019,2.2703864894975503,2.8040149785619497,45.40772978995101,12.574
417,36.0,0.6777285652256894,2.786789781913545,4.11195561896601,100.32443214888762,12.574
418,28.0,0.6417651195358874,2.3916197650072775,3.726627845927264,66.96535342020378,12.574
419,33.0,0.6104110127954001,2.5321720676667683,4.14830665664204,83.56167823300336,12.574
420,28.0,0.5166387150836479,2.145841069767201,4.153465482004715,60.08354995348163,12.574
421,36.0,0.6494256624887116,2.7279790896592533,4.200602543492299,98.20724722773313,12.574
422,43.0,0.5659562162223418,2.7832403286712277,4.917766160868181,119.67933413286279,12.574
423,28.0,1.0485502133113105,3.0570229265740148,2.9154759474226504,85.59664194407242,12.574
424,51.0,0.5580698736755202,3.0099164534227723,5.393440132503613,153.50573912456136,12.574
425,25.0,0.6472660035946739,2.269532815002119,3.50633712012987,56.73832037505298,12.574
426,35.0,0.4655796530594057,2.277487919423281,4.891725625158892,79.71207717981483,12.574
427,24.0,0.6671188396914279,2.257523538392852,3.383990084041183,54.18056492142845,12.574
428,28.0,0.41629661134978957,1.9262183560979214,4.6270334746478,53.9341139707418,12.574
429,26.0,0.6095679406805595,2.246067462767366,3.6846876498454235,58.39775403195151,12.574
430,21.0,0.3469304290864861,1.5228457221007237,4.389484445370153,31.9797601641152,12.574
431,55.0,0.5909987536277264,3.216619503471029,5.442684072896025,176.9140726909066,12.574
432,24.0,0.64891842893447,2.2265155804890946,3.4311178126733948,53.436373931738274,12.574
433,26.0,0.6704151659156763,2.355502951414232,3.5134989051105436,61.24307673677003,12.574
434,17.0,0.7784253214639684,2.052381076487064,2.636580568354577,34.89047830028008,12.574
435,19.0,0.7953688558595924,2.1932399845145025,2.7575130310378637,41.67155970577555,12.574
436,35.0,0.5943013573475902,2.5731342579753647,4.329679254746193,90.05969902913776,12.574
437,34.0,0.4119748342520762,2.111542689231357,5.125416684892362,71.79245143386615,12.574
438,17.0,0.7000252778965785,1.94628477645529,2.7803064230815298,33.08684119973993,12.574
439,15.0,0.7796051276271874,1.9293367491575035,2.474761492436112,28.940051237362546,12.574
440,15.0,0.8126292480107722,1.9697763455933075,2.4239545283597717,29.546645183899614,12.574
441,23.0,0.9869715558608805,2.688074493590619,2.723558219715826,61.82571335258425,12.574
442,25.0,0.69912735052318,2.3587027545507326,3.3737812614334683,58.96756886376831,12.574
443,32.0,0.694617631224724,2.659946821341486,3.8293684205100975,85.11829828292754,12.574
444,35.0,0.5612343780125022,2.500525101766758,4.45540259066428,87.51837856183651,12.574
445,42.0,0.3457250501749608,2.1498845219283846,6.218480612962219,90.29514992099215,12.574
446,43.0,0.805982933783906,3.3214079009525177,4.12094073178357,142.82053974095822,12.574
447,19.0,0.37149693880121376,1.4989235530344365,4.034820738688518,28.479547507654292,12.574
448,15.0,0.510354330579681,1.5610132713091662,3.0586852658546158,23.415199069637495,12.574
449,44.0,0.687462840238315,3.1029588477775722,4.513638652384329,136.5301893022132,12.574
450,18.0,0.43938065236068485,1.586652355746906,3.611111111111086,28.55974240344431,12.574
451,13.0,0.5104575328071571,1.4533711945692203,2.8471931574340803,18.89382552939987,12.574
452,12.0,0.8987573256954089,1.8528356928199126,2.0615528128088303,22.23402831383895,12.574
453,14.0,0.9902974236829046,2.100738071033248,2.1213203435596424,29.41033299446547,12.574
454,32.0,0.3334306742046689,1.8429044898205464,5.5270994314377955,58.972943674257486,12.574
455,26.0,0.7088969284801597,2.422162549486413,3.416804971463779,62.976226286646735,12.574
456,22.0,0.7736506889032926,2.3276027539247335,3.0085964987949323,51.20726058634414,12.574
457,27.0,0.49970437787169825,2.0723519919257973,4.1471559659977295,55.953503781996524,12.574
458,49.0,0.5408477607145766,2.904428045009023,5.370139725033984,142.31697420544216,12.574
459,19.0,0.6812129514305483,2.029753562307222,2.979616811519417,38.56531768383722,12.574
460,32.0,0.5383976849465987,2.3418099380912585,4.349591396039402,74.93791801892029,12.574
461,28.0,0.4065831852383621,1.9036135447325049,4.681978040032567,53.301179252510146,12.574
462,12.0,1.527887453682195,2.4158021810153776,1.5811388300841898,28.98962617218453,12.574
463,13.0,1.079208055471759,2.1132424643130743,1.9581418555936398,27.47215203606997,12.574
464,24.0,0.7046142300408158,2.3200983187844675,3.2927213500216603,55.68235965082722,12.574
465,21.0,0.7865175709573464,2.2929201225408344,2.9152814980978743,48.151322573357525,12.574
466,20.0,0.8762832379457642,2.361904391525109,2.6953663943886763,47.23808783050217,12.574
467,17.0,0.7878370130080821,2.0647511397293536,2.620784636464106,35.10076937539902,12.574
468,15.0,0.49370214424185693,1.5353351751766726,3.1098410105841787,23.030027627650096,12.574
469,17.0,0.8602070796595026,2.1575011238827715,2.5081183065091484,36.67751910600711,12.574
470,22.0,0.8548205972471827,2.4466615283648934,2.862192998441998,53.82655362402765,12.574
471,15.0,0.8126292480107722,1.9697763455933075,2.4239545283597717,29.546645183899614,12.574
472,15.0,0.8392936452111189,2.0018321533607533,2.3851391759998437,30.027482300411293,12.574
473,19.0,0.8701823472835771,2.2940717588028074,2.636311533972327,43.587363417253336,12.574
474,9.0,0.8001651966481986,1.5140358100322024,1.8921540406585127,13.62632229028982,12.574
475,18.0,0.35962480748236414,1.4354436135545072,3.9915033214856868,25.837985043981128,12.574
476,25.0,0.7893337520428135,2.5062558567202013,3.1751535395945694,62.65639641800503,12.574
477,12.0,1.0701157263143137,2.0217667967792736,1.8892973414591625,24.26120156135128,12.574
478,12.0,0.8124660019579747,1.7616445519279165,2.1682686385430294,21.139734623135,12.574
479,13.0,0.6380719160088953,1.6249183937983598,2.5466069780380476,21.12393911937868,12.574
480,40.0,0.3889387283929039,2.225336310468272,5.721560101930113,89.01345241873089,12.574
481,30.0,0.5918170311914545,2.377274985189013,4.0169087064004385,71.31824955567038,12.574
482,15.0,0.7987329857772942,1.9528617685105487,2.444949442785443,29.292926527658235,12.574
483,9.0,1.0267606505661888,1.7150663521792577,1.6703662642637456,15.43559716961332,12.574
484,9.0,0.5889540787513236,1.2989338520391707,2.2054925823641756,11.690404668352537,12.574
485,17.0,0.5496859299898648,1.7246732788567185,3.1375612595514655,29.319445740564213,12.574
486,14.0,0.7991238130725518,1.8871052275382871,2.3614678935452504,26.41947318553602,12.574
487,18.0,1.071196339425257,2.4773984192884764,2.312739810722008,44.59317154719257,12.574
488,10.0,0.9794150344116638,1.7656655632657905,1.8027756377319946,17.656655632657905,12.574
489,31.0,0.21729038792194222,1.4642868701508664,6.738847880730397,45.39289297467686,12.574
490,16.0,0.7575812282445127,1.9642630965834988,2.5928085640864427,31.428209545335985,12.574
491,35.0,0.29943254136051195,1.8264533488722268,6.099715617325661,63.92586721052794,12.574
492,13.0,0.4316832221887036,1.3365318870832814,3.0960941226922123,17.37491453208266,12.574
493,14.0,0.7159363341707333,1.7861843641198327,2.494892742367607,25.00658109767766,12.574
494,7.0,1.347904826679645,1.7330204914451703,1.2857142857142208,12.131143440116194,12.574
495,13.0,0.8774489585267213,1.9054943756331169,2.1716298789989255,24.771426883230518,12.574
496,15.0,1.0309941131193638,2.21870103485074,2.1520016522091128,33.2805155227611,12.574
497,12.0,0.948343936768164,1.9032622013031069,2.0069324297988165,22.839146415637284,12.574
498,51.0,0.44005007360027126,2.6727676163457277,6.073780637004489,136.31114843363213,12.574
499,10.0,0.901727722900143,1.6941925771443849,1.8788294228057123,16.94192577144385,12.574
500,26.0,0.46416780548961356,1.959969192289779,4.222544452910438,50.95919899953426,12.574
501,9.0,0.9628543860084225,1.6608355217170487,1.7249082995842746,14.947519695453437,12.574
502,37.0,0.3713517588296908,2.0913112239041527,5.631617931459076,77.37851528445364,12.574
503,37.0,0.489223857294845,2.40037856230115,4.906503488145493,88.81400680514255,12.574
504,13.0,0.8774489585267213,1.9054943756331169,2.1716298789989255,24.771426883230518,12.574
505,14.0,0.7770839214309186,1.8609000306848869,2.394722087748559,26.052600429588413,12.574
506,27.0,0.5592014896247501,2.1922551831251376,3.920331443673803,59.19088994437872,12.574
507,16.0,0.7629006985423094,1.9711472173230977,2.5837533260742984,31.538355477169567,12.574
508,29.0,0.5249702335769755,2.2013616794368858,4.1933076175339075,63.83948870366969,12.574
509,8.0,0.5581324031715783,1.1921713357702597,2.1360009363293826,9.537370686162078,12.574
510,18.0,0.6543472880591464,1.9362680068012335,2.959083107908005,34.8528241224222,12.574
511,19.0,0.7393455839263434,2.1145872327079744,2.860079614567142,40.17715742145151,12.574
512,13.0,0.881874930574896,1.910294117180712,2.166173513896565,24.833823523349256,12.574
513,13.0,0.8719785784858809,1.8995452684637648,2.1784311166934502,24.694088490028943,12.574
514,28.0,0.822063367236041,2.706803486051675,3.292694449033227,75.7904976094469,12.574
515,14.0,0.9902974236829046,2.100738071033248,2.1213203435596424,29.41033299446547,12.574
516,19.0,0.44187158658865133,1.6347445654483173,3.699591951745337,31.060146743518025,12.574
517,17.0,0.6446234422179937,1.867680445607551,2.8973200837706323,31.75056757532837,12.574
518,8.0,0.8444282990989682,1.4663966060423475,1.7365554986812255,11.731172848338778,12.574
519,11.0,0.9968716670838893,1.8682759902601391,1.8741389207352392,20.55103589286153,12.574
520,17.0,0.46584941043222444,1.5877140919664803,3.408213161616685,26.991139563430167,12.574
521,8.0,1.2536512440469296,1.7867279251340886,1.4252192813739224,14.293823401072709,12.574
522,26.0,0.5313024273092138,2.0969237454698146,3.9467610868817316,54.52001738221518,12.574
523,15.0,0.4962105616029621,1.5392306230079709,3.1019706997683185,23.08845934511956,12.574
524,13.0,0.8719785784860156,1.8995452684639114,2.178431116693282,24.694088490030843,12.574
525,36.0,0.7341836093430327,2.9005386466322896,3.950699266124682,104.41939127876243,12.574
526,15.0,0.5347415957542722,1.5978745405175636,2.988124644135275,23.968118107763456,12.574
527,44.0,0.6417730022409885,2.998072450285847,4.67154654343041,131.91518781257724,12.574
528,9.0,0.8001651966481874,1.5140358100321918,1.892154040658526,13.626322290289727,12.574
529,17.0,0.30348466346225234,1.2814978999781172,4.22261173055129,21.785464299627993,12.574
530,10.0,0.8443233055272025,1.6393793193909874,1.9416487838948677,16.39379319390987,12.574
531,17.0,0.7799782896861811,2.054427319344545,2.6339544914399213,34.92526442885727,12.574
532,24.0,0.6256669794688998,2.1862624820841705,3.494290978788731,52.47029957002009,12.574
533,16.0,0.5269997145548936,1.6382879803446444,3.108707528861472,26.212607685514314,12.574
534,14.0,0.8858441457284661,1.9868621715780073,2.2429026383011523,27.8160704020921,12.574
535,16.0,0.7066651998963721,1.897107353205126,2.684591449364316,30.35371765128201,12.574
536,8.0,0.9420500677809297,1.54884176042559,1.6441183047457382,12.390734083404721,12.574
537,15.0,0.2709447328802908,1.1373943055415499,4.197883064381528,17.06091458312325,12.574
538,8.0,1.2536512440469296,1.7867279251340886,1.4252192813739224,14.293823401072709,12.574
539,21.0,0.8287511543288895,2.3536765703450833,2.8400281049998126,49.42720797724675,12.574
540,13.0,0.5667154132462089,1.531366887116542,2.702179703115365,19.907769532515044,12.574
541,14.0,0.8858441457284946,1.9868621715780392,2.2429026383011164,27.81607040209255,12.574
542,10.0,0.8078931121415037,1.6036220395543037,1.9849433241280399,16.036220395543037,12.574
543,14.0,0.9902974236829046,2.100738071033248,2.1213203435596424,29.41033299446547,12.574
544,24.0,0.793564628783544,2.4621915441374025,3.102698198521901,59.09259705929766,12.574
545,21.0,0.35597969519963635,1.542578679198397,4.3333333333332575,32.39415226316633,12.574
546,13.0,0.5476325919701144,1.5053635056912458,2.748856674646927,19.56972557398619,12.574
547,31.0,0.32720643936720245,1.7968707184104553,5.491550599937749,55.70299227072411,12.574
548,15.0,1.0309941131193638,2.21870103485074,2.1520016522091128,33.2805155227611,12.574
549,33.0,0.39054634277183736,2.0254350503700618,5.186158026714257,66.83935666221204,12.574
550,9.0,1.0267606505664861,1.7150663521795062,1.6703662642635035,15.435597169615555,12.574
551,14.0,0.7177011731210283,1.788384550990582,2.4918233632161013,25.037383713868145,12.574
552,24.0,0.2690666422040384,1.4337076878289148,5.328448283610372,34.408984507893955,12.574
553,9.0,0.5965241825911494,1.3072551021121348,2.1914536581463486,11.765295919009215,12.574
554,17.0,0.5645691230400398,1.7478658032188508,3.09592879222141,29.71371865472046,12.574
555,19.0,0.7284909941056398,2.0990073422868183,2.881308566983379,39.88113950344955,12.574
556,8.0,1.2536512440469296,1.7867279251340886,1.4252192813739224,14.293823401072709,12.574
557,16.0,0.44696513329064336,1.5087659630618262,3.375578654097694,24.140255408989216,12.574
558,10.0,0.9017277229002358,1.6941925771444724,1.8788294228056155,16.941925771444726,12.574
559,11.0,0.9992227795062647,1.8704778484082059,1.8719327529066592,20.575256332490262,12.574
560,25.0,0.5903373260085174,2.1674305470522843,3.6715119501371527,54.18576367630712,12.574
561,22.0,1.0072403174101747,2.6558464032169242,2.6367554567768496,58.42862087077232,12.574
562,7.0,0.9331648800090865,1.4419602100005469,1.5452362609129762,10.09372147000383,12.574
563,8.0,0.8315033761535757,1.4551309082687574,1.75,11.641047266150059,12.574
564,12.0,0.4610557278504395,1.3270656182259783,2.878319339861799,15.924787418711738,12.574
565,15.0,0.7408937006002987,1.880826106445125,2.5385910352878045,28.212391596676877,12.574
566,9.0,1.4323944878270576,2.025711711353489,1.4142135623730951,18.2314054021814,12.574
567,10.0,0.5797994283857927,1.3585134892922799,2.3430749027719613,13.585134892922799,12.574
568,20.0,0.8443233055272904,2.3184324673568293,2.7459060435492058,46.36864934713658,12.574
569,11.0,0.9992227795060525,1.8704778484080073,1.871932752906858,20.575256332488078,12.574
570,24.0,0.37262391960408875,1.6871979903155558,4.5278842864091935,40.49275176757334,12.574
571,9.0,0.8626316246394341,1.5720233994179762,1.8223577185395405,14.148210594761784,12.574
572,8.0,0.8315033761535757,1.4551309082687574,1.75,11.641047266150059,12.574
573,10.0,0.9824379203201431,1.7683882565764364,1.800000000000182,17.683882565764367,12.574
574,11.0,1.2139554685119758,2.061687245233042,1.698321972024383,22.67855969756346,12.574
575,9.0,1.0267606505662072,1.7150663521792733,1.6703662642637305,15.43559716961346,12.574
576,18.0,0.6740679942715567,1.9652290242261523,2.9154759474226504,35.37412243607074,12.574
577,8.0,0.6518986469044034,1.2884278298748684,1.976423537605237,10.307422638998949,12.574
578,9.0,0.7583264935554507,1.473921768169565,1.9436506316151652,13.265295913526085,12.574
579,27.0,0.730476097674687,2.5055896740671346,3.4300775645406305,67.65092119981263,12.574
580,7.0,0.5542146749291392,1.111253378256537,2.0050955496597407,7.77877364779576,12.574
581,10.0,0.901727722900143,1.6941925771443849,1.8788294228057123,16.94192577144385,12.574
582,13.0,1.0792080554721133,2.113242464313421,1.9581418555933183,27.472152036074476,12.574
583,12.0,1.0701157263145067,2.0217667967794557,1.889297341458992,24.261201561353463,12.574
584,12.0,0.7069916238117895,1.6433225732342052,2.3243876134969303,19.719870878810465,12.574
585,9.0,1.0267606505663283,1.7150663521793743,1.670366264263632,15.435597169614367,12.574
586,14.0,1.141754676716724,2.2556695717097295,1.975616669419936,31.57937400393621,12.574
587,15.0,0.7756648851048871,1.924454992827189,2.4810392087904813,28.866824892407838,12.574
588,15.0,1.0563381178664855,2.2458056440941654,2.126029162547007,33.68708466141248,12.574
589,7.0,0.9331648800090865,1.4419602100005469,1.5452362609129762,10.09372147000383,12.574
590,9.0,0.8626316246394341,1.5720233994179762,1.8223577185395405,14.148210594761784,12.574
591,11.0,0.5779951685001496,1.4226023124192857,2.461270249214752,15.648625436612145,12.574
592,11.0,1.2139554685119758,2.061687245233042,1.698321972024383,22.67855969756346,12.574
593,19.0,0.8180170510807773,2.2242471477092027,2.7190718638083298,42.26069580647485,12.574
594,7.0,1.347904826679645,1.7330204914451703,1.2857142857142208,12.131143440116194,12.574
595,9.0,0.8001651966483906,1.514035810032384,1.8921540406582857,13.626322290291458,12.574
596,9.0,1.4323944878270576,2.025711711353489,1.4142135623730951,18.2314054021814,12.574
597,38.0,0.41038274652093826,2.227980619933914,5.429030920090691,84.66326355748872,12.574
598,13.0,0.8774489585267213,1.9054943756331169,2.1716298789989255,24.771426883230518,12.574
599,20.0,0.8762832379456519,2.361904391524958,2.695366394388849,47.238087830499154,12.574
600,9.0,0.8626316246394341,1.5720233994179762,1.8223577185395405,14.148210594761784,12.574
601,6.0,1.3750987083138508,1.6205693690827172,1.1785113019776328,9.723416214496304,12.574
602,8.0,1.1239631843179367,1.691788623380624,1.505199322349037,13.534308987044993,12.574
603,9.0,0.8626316246393027,1.5720233994178565,1.8223577185396793,14.148210594760709,12.574
604,9.0,1.4323944878270576,2.025711711353489,1.4142135623730951,18.2314054021814,12.574
605,8.0,0.6518986469044034,1.2884278298748684,1.976423537605237,10.307422638998949,12.574
606,8.0,0.6149987234947201,1.2514317358251097,2.0348525745124633,10.011453886600878,12.574
607,6.0,1.527887453682195,1.708230104201225,1.118033988749895,10.24938062520735,12.574
608,6.0,1.527887453682195,1.708230104201225,1.118033988749895,10.24938062520735,12.574
609,17.0,0.6604123609885075,1.8904148536314838,2.862476484846384,32.13705251173522,12.574
610,7.0,1.114084601643267,1.5755535532749356,1.4142135623730951,11.028874872924549,12.574
611,15.0,0.6773618322006892,1.7983783016083352,2.6549743668986507,26.97567452412503,12.574
612,8.0,0.9420500677809297,1.54884176042559,1.6441183047457382,12.390734083404721,12.574
613,11.0,0.6735619372188201,1.5357134040283749,2.2799884007244122,16.89284744431212,12.574
614,8.0,0.6652027009228604,1.301508650819981,1.956559480312316,10.412069206559847,12.574
615,7.0,0.9331648800089342,1.4419602100004292,1.5452362609131023,10.093721470003004,12.574
616,16.0,0.6359986799067348,1.79975406059452,2.829807855667943,28.796064969512322,12.574
617,8.0,1.2536512440469296,1.7867279251340886,1.4252192813739224,14.293823401072709,12.574
618,9.0,0.8626316246393027,1.5720233994178565,1.8223577185396793,14.148210594760709,12.574
619,10.0,0.9824379203203912,1.7683882565766595,1.7999999999999545,17.683882565766595,12.574
620,14.0,0.577291690474729,1.603934890217813,2.7783786198253364,22.455088463049385,12.574
621,9.0,0.6865322693136731,1.402415800167915,2.0427529234276363,12.621742201511235,12.574
622,14.0,0.7770839214309186,1.8609000306848869,2.394722087748559,26.052600429588413,12.574
623,7.0,0.9331648800090865,1.4419602100005469,1.5452362609129762,10.09372147000383,12.574
624,13.0,0.6260759354931227,1.6095713954341822,2.570888456472007,20.924428140644366,12.574
625,10.0,0.6005846909127199,1.3826497915529983,2.3021728866444455,13.826497915529984,12.574
626,13.0,0.669853275810065,1.6648939785398453,2.4854606802160677,21.643621721017993,12.574
627,9.0,0.551182677026109,1.2565914438336434,2.2798093920758684,11.309322994502791,12.574
628,7.0,1.114084601643267,1.5755535532749356,1.4142135623730951,11.028874872924549,12.574
629,12.0,0.7948547446901947,1.7424469804788274,2.1921577396609355,20.90936376574593,12.574
630,12.0,0.9666774750887686,1.9215712229483666,1.98781007364624,23.058854675380395,12.574
631,13.0,0.8818749305747181,1.9102941171805192,2.1661735138967835,24.83382352334675,12.574
632,21.0,0.3433342483051387,1.5149324722643998,4.41241291756598,31.813581917552387,12.574
633,9.0,1.0267606505664861,1.7150663521795062,1.6703662642635035,15.435597169615555,12.574
634,11.0,0.7002817496043393,1.5658775955177895,2.23606797749979,17.224653550695685,12.574
635,10.0,0.5092958178940244,1.273239544735112,2.5000000000001,12.73239544735112,12.574
636,9.0,1.4323944878270576,2.025711711353489,1.4142135623730951,18.2314054021814,12.574
637,14.0,0.6611978256535999,1.7165434060351463,2.596111692197911,24.031607684492048,12.574
638,8.0,0.7374419082628996,1.3703577631737516,1.8582585934148133,10.962862105390013,12.574
639,6.0,1.527887453682195,1.708230104201225,1.118033988749895,10.24938062520735,12.574
640,20.0,0.6303166063044737,2.0031775119171553,3.178049716414298,40.063550238343105,12.574
641,9.0,0.8626316246394341,1.5720233994179762,1.8223577185395405,14.148210594761784,12.574
642,16.0,0.8645870648599514,2.0984055288205803,2.42706097986845,33.57448846112928,12.574
643,11.0,0.7304663077768704,1.5992689330394196,2.189380832507795,17.591958263433614,12.574
644,36.0,0.5308312560243004,2.46634914818729,4.646201820629767,88.78856933474243,12.574
645,11.0,0.4301222929041712,1.2272057525508164,2.8531554229955502,13.49926327805898,12.574
646,15.0,0.7123977890385986,1.8443017343148889,2.588865045193118,27.664526014723332,12.574
647,6.0,1.3750987083138508,1.6205693690827172,1.1785113019776328,9.723416214496304,12.574
648,9.0,1.4323944878270576,2.025711711353489,1.4142135623730951,18.2314054021814,12.574
649,9.0,1.0267606505662072,1.7150663521792733,1.6703662642637305,15.43559716961346,12.574
650,11.0,0.4133370326932461,1.203021987394022,2.9105110170150965,13.233241861334243,12.574
651,6.0,1.527887453682195,1.708230104201225,1.118033988749895,10.24938062520735,12.574
652,11.0,0.9250446692373001,1.799710948229832,1.9455395053664755,19.79682043052815,12.574
653,8.0,1.2536512440469296,1.7867279251340886,1.4252192813739224,14.293823401072709,12.574
654,11.0,0.9992227795061588,1.8704778484081066,1.8719327529067584,20.575256332489175,12.574
655,10.0,0.4039465560707472,1.1339320186290438,2.8071337695238245,11.339320186290442,12.574
656,5.0,0.9947183943242327,1.2582303026121042,1.2649110640674237,6.291151513060521,12.574
657,6.0,1.527887453682195,1.708230104201225,1.118033988749895,10.24938062520735,12.574
658,10.0,0.901727722900143,1.6941925771443849,1.8788294228057123,16.94192577144385,12.574
659,9.0,0.846890171635083,1.5576140816293387,1.8392161508050893,14.018526734664048,12.574
660,15.0,0.4437405476540028,1.455577221683267,3.280243893371273,21.833658325249008,12.574
661,6.0,0.7639437268410975,1.2079010905076888,1.5811388300841898,7.247406543046132,12.574
662,5.0,0.9947183943242327,1.2582303026121042,1.2649110640674237,6.291151513060521,12.574
663,7.0,0.7135966729479433,1.2609576242801899,1.767045268121894,8.82670336996133,12.574
664,35.0,0.4734617994841283,2.2966856560521722,4.850836241814189,80.38399796182604,12.574
665,7.0,1.114084601643267,1.5755535532749356,1.4142135623730951,11.028874872924549,12.574
666,9.0,0.5729577951308231,1.2811725781509187,2.23606797749979,11.530553203358267,12.574
667,7.0,1.347904826679645,1.7330204914451703,1.2857142857142208,12.131143440116194,12.574
668,6.0,0.5500394833256423,1.0249380625207836,1.8633899812497365,6.149628375124703,12.574
669,7.0,0.9331648800089721,1.4419602100004585,1.5452362609130708,10.09372147000321,12.574
670,9.0,1.0002064958103576,1.6927434958005738,1.6923940235252417,15.234691462205163,12.574
671,13.0,0.7584889587265513,1.7716232510358503,2.3357271462596887,23.031102263466053,12.574
672,10.0,0.6303166063045474,1.4164604025970995,2.2472205054244028,14.164604025970995,12.574
673,11.0,0.6778727336169317,1.5406198491294685,2.2727272727273884,16.946818340424155,12.574
674,9.0,0.4265586526249582,1.1054413261271963,2.5915341754868346,9.948971935144767,12.574
675,5.0,0.9947183943245721,1.258230302612319,1.2649110640672079,6.291151513061594,12.574
676,15.0,1.0309941131193114,2.2187010348506835,2.1520016522091674,33.280515522760254,12.574
677,9.0,1.0267606505664861,1.7150663521795062,1.6703662642635035,15.435597169615555,12.574
678,8.0,0.4222141495494841,1.0368989840414822,2.4558603380485624,8.295191872331857,12.574
679,8.0,0.8444282990989682,1.4663966060423475,1.7365554986812255,11.731172848338778,12.574
680,7.0,0.713596672947988,1.2609576242802294,1.7670452681218387,8.826703369961605,12.574
681,8.0,1.2536512440469296,1.7867279251340886,1.4252192813739224,14.293823401072709,12.574
682,8.0,1.2536512440469296,1.7867279251340886,1.4252192813739224,14.293823401072709,12.574
683,6.0,1.527887453682195,1.708230104201225,1.118033988749895,10.24938062520735,12.574
684,7.0,0.9331648800089342,1.4419602100004292,1.5452362609131023,10.093721470003004,12.574
685,6.0,1.527887453682195,1.708230104201225,1.118033988749895,10.24938062520735,12.574
686,6.0,1.527887453682195,1.708230104201225,1.118033988749895,10.24938062520735,12.574
687,6.0,0.6875493541569254,1.1459155902615943,1.6666666666667425,6.875493541569566,12.574
688,7.0,1.114084601643267,1.5755535532749356,1.4142135623730951,11.028874872924549,12.574
689,7.0,1.114084601643267,1.5755535532749356,1.4142135623730951,11.028874872924549,12.574
690,7.0,0.9331648800089342,1.4419602100004292,1.5452362609131023,10.093721470003004,12.574
691,6.0,1.527887453682195,1.708230104201225,1.118033988749895,10.24938062520735,12.574
692,6.0,0.8088815931258075,1.2429199680849263,1.5365907428822054,7.4575198085095575,12.574
693,15.0,0.6550584547989631,1.768523037130649,2.6997942308422043,26.52784555695973,12.574
694,7.0,0.713596672947988,1.2609576242802294,1.7670452681218387,8.826703369961605,12.574
695,7.0,0.4767698295241115,1.0306909581449701,2.161820850060407,7.214836707014791,12.574
696,6.0,1.527887453682195,1.708230104201225,1.118033988749895,10.24938062520735,12.574
697,8.0,0.8444282990989682,1.4663966060423475,1.7365554986812255,11.731172848338778,12.574
698,11.0,0.8323584646574099,1.7071693558757912,2.0510025768506415,18.778862914633702,12.574
699,7.0,0.7135966729478989,1.2609576242801508,1.767045268121949,8.826703369961056,12.574
700,8.0,0.6652027009228604,1.301508650819981,1.956559480312316,10.412069206559847,12.574
701,7.0,1.347904826679645,1.7330204914451703,1.2857142857142208,12.131143440116194,12.574
702,15.0,0.7095745481308733,1.8406436115709077,2.594010194446012,27.609654173563616,12.574
703,13.0,0.8719785784859416,1.899545268463831,2.1784311166933743,24.694088490029802,12.574
704,7.0,1.347904826679645,1.7330204914451703,1.2857142857142208,12.131143440116194,12.574
705,17.0,0.9774102942630476,2.2997889276778234,2.352941176470654,39.096411770523,12.574
706,5.0,0.9947183943246287,1.258230302612355,1.264911064067172,6.2911515130617754,12.574
707,7.0,1.347904826679645,1.7330204914451703,1.2857142857142208,12.131143440116194,12.574
708,10.0,0.4897075172058319,1.2485140930928056,2.5495097567963922,12.485140930928058,12.574
709,15.0,0.8712861848097849,2.039628665910704,2.3409399821437384,30.594429988660554,12.574
710,7.0,0.7135966729479433,1.2609576242801899,1.767045268121894,8.82670336996133,12.574
711,5.0,0.9947183943242327,1.2582303026121042,1.2649110640674237,6.291151513060521,12.574
712,5.0,0.9947183943242327,1.2582303026121042,1.2649110640674237,6.291151513060521,12.574
713,6.0,0.648631466185782,1.113011612275869,1.7159383568312403,6.678069673655216,12.574
714,6.0,1.3750987083138508,1.6205693690827172,1.1785113019776328,9.723416214496304,12.574
715,8.0,1.2536512440469296,1.7867279251340886,1.4252192813739224,14.293823401072709,12.574
716,7.0,0.7135966729480324,1.260957624280269,1.7670452681217836,8.826703369961882,12.574
717,18.0,0.9568985856823886,2.341500595379776,2.446968393949493,42.14701071683597,12.574
718,11.0,0.7254631138880347,1.5937825740466063,2.1969174497445016,17.53160831451267,12.574
719,7.0,0.7135966729478989,1.2609576242801508,1.767045268121949,8.826703369961056,12.574
720,8.0,1.2536512440469296,1.7867279251340886,1.4252192813739224,14.293823401072709,12.574
721,7.0,0.642237005653184,1.196249437704104,1.862629258629319,8.373746063928728,12.574
722,6.0,1.0577682371647448,1.421333360997494,1.343709624716331,8.528000165984965,12.574
723,6.0,0.5500394833255102,1.0249380625206606,1.8633899812499604,6.149628375123964,12.574
724,12.0,0.58452654976158,1.4942312251830867,2.55631027502953,17.93077470219704,12.574
725,10.0,0.9824379203201431,1.7683882565764364,1.800000000000182,17.683882565764367,12.574
726,5.0,0.765167995633965,1.103540977041013,1.4422205101857344,5.517704885205065,12.574
727,9.0,0.7583264935554507,1.473921768169565,1.9436506316151652,13.265295913526085,12.574
728,10.0,0.5808574565398567,1.3597524439404693,2.3409399821437384,13.597524439404696,12.574
729,9.0,0.5322199702476806,1.2347865821219945,2.3200681130912066,11.11307923909795,12.574
730,14.0,0.9902974236829046,2.100738071033248,2.1213203435596424,29.41033299446547,12.574
731,5.0,0.9947183943242327,1.2582303026121042,1.2649110640674237,6.291151513060521,12.574
732,5.0,0.9947183943242327,1.2582303026121042,1.2649110640674237,6.291151513060521,12.574
733,8.0,1.2536512440469296,1.7867279251340886,1.4252192813739224,14.293823401072709,12.574
734,5.0,0.9947183943242327,1.2582303026121042,1.2649110640674237,6.291151513060521,12.574
735,10.0,0.7153031150198272,1.508933574180362,2.109502310972791,15.089335741803621,12.574
736,9.0,1.4323944878270576,2.025711711353489,1.4142135623730951,18.2314054021814,12.574
737,6.0,1.527887453682195,1.708230104201225,1.118033988749895,10.24938062520735,12.574
738,7.0,0.9331648800090865,1.4419602100005469,1.5452362609129762,10.09372147000383,12.574
739,8.0,1.2536512440469296,1.7867279251340886,1.4252192813739224,14.293823401072709,12.574
740,5.0,0.9947183943242327,1.2582303026121042,1.2649110640674237,6.291151513060521,12.574
741,10.0,1.1014182912932824,1.8724110951986743,1.7000000000000857,18.72411095198674,12.574
742,6.0,1.527887453682195,1.708230104201225,1.118033988749895,10.24938062520735,12.574
743,5.0,0.9947183943245721,1.258230302612319,1.2649110640672079,6.291151513061594,12.574
744,7.0,0.7529675238690976,1.2952756647756654,1.7202277969704938,9.066929653429657,12.574
745,6.0,0.7639437268410975,1.2079010905076888,1.5811388300841898,7.247406543046132,12.574
746,12.0,1.1752980412939964,2.1187986759189488,1.8027756377319946,25.425584111027387,12.574
747,8.0,0.814873308630504,1.4405061058513697,1.7677669529663689,11.524048846810958,12.574
748,6.0,1.527887453682195,1.708230104201225,1.118033988749895,10.24938062520735,12.574
749,10.0,1.0681539804827016,1.8439196619001919,1.7262676501630594,18.439196619001923,12.574
750,8.0,0.814873308630504,1.4405061058513697,1.7677669529663689,11.524048846810958,12.574
751,10.0,0.7859503362562733,1.5816945409270604,2.0124611797498106,15.816945409270605,12.574
752,8.0,0.8315033761535757,1.4551309082687574,1.75,11.641047266150059,12.574
753,7.0,1.114084601643267,1.5755535532749356,1.4142135623730951,11.028874872924549,12.574
754,5.0,0.4852284850361667,0.8787861623995779,1.811077027627669,4.3939308119978895,12.574
755,6.0,1.527887453682195,1.708230104201225,1.118033988749895,10.24938062520735,12.574
756,7.0,1.114084601643267,1.5755535532749356,1.4142135623730951,11.028874872924549,12.574
757,5.0,0.765167995633965,1.103540977041013,1.4422205101857344,5.517704885205065,12.574
758,5.0,0.9947183943242327,1.2582303026121042,1.2649110640674237,6.291151513060521,12.574
759,5.0,0.9947183943245721,1.258230302612319,1.2649110640672079,6.291151513061594,12.574
760,7.0,0.5657009894354095,1.1227099015011406,1.9846348556357425,7.858969310507985,12.574
761,5.0,0.9947183943245721,1.258230302612319,1.2649110640672079,6.291151513061594,12.574
762,8.0,0.6518986469044034,1.2884278298748684,1.976423537605237,10.307422638998949,12.574
763,8.0,1.2536512440469296,1.7867279251340886,1.4252192813739224,14.293823401072709,12.574
764,5.0,0.9947183943245721,1.258230302612319,1.2649110640672079,6.291151513061594,12.574
765,6.0,1.527887453682195,1.708230104201225,1.118033988749895,10.24938062520735,12.574
766,10.0,0.7073553026306139,1.5005271935951425,2.121320343559691,15.005271935951424,12.574
767,9.0,0.39734230655476854,1.0669123016345248,2.685121327465452,9.602210714710724,12.574
768,7.0,1.347904826679645,1.7330204914451703,1.2857142857142208,12.131143440116194,12.574
769,6.0,1.527887453682195,1.708230104201225,1.118033988749895,10.24938062520735,12.574
770,7.0,1.114084601643267,1.5755535532749356,1.4142135623730951,11.028874872924549,12.574
771,5.0,0.9947183943245721,1.258230302612319,1.2649110640672079,6.291151513061594,12.574
772,11.0,0.7304663077769272,1.5992689330394818,2.1893808325077098,17.5919582634343,12.574
773,7.0,0.9331648800090865,1.4419602100005469,1.5452362609129762,10.09372147000383,12.574
774,7.0,0.796936430372678,1.3325573950616554,1.672099987245533,9.327901765431587,12.574
775,13.0,0.3523057027434914,1.2074150263469288,3.4271799092222754,15.69639534251007,12.574
776,8.0,0.5014604976187718,1.130025960490106,2.2534695471649933,9.040207683920848,12.574
777,9.0,1.4323944878270576,2.025711711353489,1.4142135623730951,18.2314054021814,12.574
778,6.0,0.8088815931259893,1.242919968085066,1.5365907428820327,7.457519808510395,12.574
779,6.0,1.3750987083137758,1.620569369082673,1.178511301977665,9.723416214496037,12.574
780,5.0,0.9947183943242327,1.2582303026121042,1.2649110640674237,6.291151513060521,12.574
781,7.0,1.114084601643267,1.5755535532749356,1.4142135623730951,11.028874872924549,12.574
782,6.0,1.527887453682195,1.708230104201225,1.118033988749895,10.24938062520735,12.574
783,6.0,1.527887453682195,1.708230104201225,1.118033988749895,10.24938062520735,12.574
784,5.0,0.9947183943242327,1.2582303026121042,1.2649110640674237,6.291151513060521,12.574
785,9.0,0.7583264935556028,1.473921768169713,1.9436506316149702,13.265295913527419,12.574
786,8.0,1.2536512440469296,1.7867279251340886,1.4252192813739224,14.293823401072709,12.574
787,5.0,0.9947183943245721,1.258230302612319,1.2649110640672079,6.291151513061594,12.574
788,6.0,1.3750987083138508,1.6205693690827172,1.1785113019776328,9.723416214496304,12.574
789,6.0,1.527887453682195,1.708230104201225,1.118033988749895,10.24938062520735,12.574
790,6.0,1.527887453682195,1.708230104201225,1.118033988749895,10.24938062520735,12.574
791,6.0,1.3750987083138508,1.6205693690827172,1.1785113019776328,9.723416214496304,12.574
792,6.0,0.7639437268410975,1.2079010905076888,1.5811388300841898,7.247406543046132,12.574
793,6.0,1.527887453682195,1.708230104201225,1.118033988749895,10.24938062520735,12.574
794,6.0,1.527887453682195,1.708230104201225,1.118033988749895,10.24938062520735,12.574
795,6.0,0.7639437268410975,1.2079010905076888,1.5811388300841898,7.247406543046132,12.574
796,5.0,0.9947183943245721,1.258230302612319,1.2649110640672079,6.291151513061594,12.574
797,9.0,0.4595008059959586,1.14733292610358,2.496911672693934,10.32599633493222,12.574
798,6.0,0.8088815931258986,1.2429199680849963,1.536590742882119,7.457519808509978,12.574
799,5.0,0.9947183943242327,1.2582303026121042,1.2649110640674237,6.291151513060521,12.574
800,6.0,1.3750987083138508,1.6205693690827172,1.1785113019776328,9.723416214496304,12.574
801,5.0,1.5915494309189535,1.5915494309189535,1.0,7.9577471545947684,12.574
802,5.0,0.9947183943242327,1.2582303026121042,1.2649110640674237,6.291151513060521,12.574
803,5.0,0.9947183943245721,1.258230302612319,1.2649110640672079,6.291151513061594,12.574
804,7.0,1.347904826679645,1.7330204914451703,1.2857142857142208,12.131143440116194,12.574
805,6.0,1.527887453682195,1.708230104201225,1.118033988749895,10.24938062520735,12.574
806,11.0,0.6911426729374207,1.5556262408284913,2.250803346025409,17.111888649113403,12.574
807,5.0,0.9947183943245721,1.258230302612319,1.2649110640672079,6.291151513061594,12.574
808,5.0,0.9947183943242327,1.2582303026121042,1.2649110640674237,6.291151513060521,12.574
809,5.0,0.9947183943242327,1.2582303026121042,1.2649110640674237,6.291151513060521,12.574
810,5.0,0.9947183943245721,1.258230302612319,1.2649110640672079,6.291151513061594,12.574
811,6.0,1.527887453682195,1.708230104201225,1.118033988749895,10.24938062520735,12.574
812,5.0,0.765167995633965,1.103540977041013,1.4422205101857344,5.517704885205065,12.574
